{"P1": {"nome": "Camila Faraco", "votos": 0, "gestor": "Mário", "foto": "p1_camila_faraco.png"}, "P2": {"nome": "Daiane Dos Santos", "votos": 0, "gestor": "Mário", "foto": "p2_daiane_dos_santos.png"}, "P3": {"nome": "Diogo Camada", "votos": 0, "gestor": "Mezadri", "foto": "p3_diogo_camada.png"}, "P4": {"nome": "Erick Nakamura", "votos": 0, "gestor": "Mezadri", "foto": "p4_erick_nakamura.png"}, "P5": {"nome": "Wilson Neves", "votos": 0, "gestor": "Marcus", "foto": "p5_wilson_neves.png"}, "P6": {"nome": "Rafael dos Santos", "votos": 0, "gestor": "Walid", "foto": "p6_rafael_dos_santos.png"}, "P7": {"nome": "Vagner Vieira", "votos": 0, "gestor": "Aline", "foto": "p7_vagner_vieira.png"}, "L1": {"nome": "André Salgado", "votos": 0, "gestor": "Aline", "foto": "l1_andre_salgado.png"}, "L2": {"nome": "Eduardo Padilha", "votos": 0, "gestor": "Marcus", "foto": "l2_eduardo_padilha.png"}, "L3": {"nome": "Rosangela Teressani", "votos": 0, "gestor": "Aline", "foto": "l3_rosangela_teressani.png"}, "L4": {"nome": "Tiago Barbosa", "votos": 0, "gestor": "Aline", "foto": "l4_tiago_barbosa.png"}}